"Method","Path","File","Protected","Pattern"
"USE","/api/users","src\modules\userModules\index.js","False","express"
"GET","/api/v1","src\app.js, src\routes\department\departmentRoutes.js, src\routes\doctor\doctorRoutes.js, src\routes\health\publicRoutes.js, src\routes\infrastructure\swaggerRoutes.js, src\routes\swaggerRoutes.js, src\routes\user\lookupRoutes.js, src\routes\user\userRoutes.js","False","express"
"POST","/api/v1","src\routes\appointment\appointmentLegacyRoutes.js, src\routes\department\departmentRoutes.js, src\routes\doctor\adminDoctorRoutes.js, src\routes\doctor\doctorRoutes.js, src\routes\notification\adminNotificationRoutes.js","False","express"
"USE","/api/v1","src\app.js","False","express"
"DELETE","/api/v1/:id","src\routes\appointment\appointmentCrudRoutes.js, src\routes\notification\notificationRoutes.js, src\routes\record\adminRoutes.js","False","express"
"GET","/api/v1/:id","src\routes\appointment\appointmentListRoutes.js, src\routes\department\departmentStatsRoutes.js, src\routes\doctor\doctorStatsRoutes.js","False","express"
"PUT","/api/v1/:id","src\routes\appointment\appointmentCrudRoutes.js, src\routes\department\adminDepartmentRoutes.js, src\routes\department\departmentRoutes.js, src\routes\record\doctorRoutes.js","False","express"
"GET","/api/v1/:id/analytics","src\routes\department\departmentStatsRoutes.js, src\routes\doctor\adminDoctorRoutes.js","False","express"
"GET","/api/v1/:id/performance","src\routes\department\departmentStatsRoutes.js","False","express"
"GET","/api/v1/:id/stats","src\routes\department\departmentStatsRoutes.js","False","express"
"PUT","/api/v1/:id/status","src\routes\appointment\appointmentCrudRoutes.js","False","express"
"GET","/api/v1/:id/trends","src\routes\department\departmentStatsRoutes.js","False","express"
"GET","/api/v1/activity","src\routes\user\lookupRoutes.js","False","express"
"USE","/api/v1/admin","src\routes\auth\index.js, src\routes\department\index.js, src\routes\doctor\index.js, src\routes\pharmacy\index.js","False","express"
"GET","/api/v1/admin/admin/analytics","src\routes\record\adminRoutes.js","False","express"
"GET","/api/v1/admin/admin/hipaa-audit","src\routes\record\adminRoutes.js","False","express"
"USE","/api/v1/admin/analytics","src\app.js","False","express"
"GET","/api/v1/admin/export/excel","src\routes\record\adminRoutes.js","False","express"
"GET","/api/v1/admin/export/pdf","src\routes\record\adminRoutes.js","False","express"
"USE","/api/v1/admin/otp","src\routes\auth\index.js","False","express"
"GET","/api/v1/admin/pharmacyAdminRoutes","src\routes\pharmacy\adminRoutes.js","True","wrapAutoRBAC"
"DELETE","/api/v1/adminNotificationRoutes","src\routes\notification\index.js","True","wrapAutoRBAC"
"GET","/api/v1/adminNotificationRoutes","src\routes\notification\index.js","True","wrapAutoRBAC"
"POST","/api/v1/adminNotificationRoutes","src\routes\notification\index.js","True","wrapAutoRBAC"
"GET","/api/v1/advanced","src\routes\user\lookupRoutes.js","False","express"
"DELETE","/api/v1/ALL","src\routes\notification\index.js","True","wrapAutoRBAC"
"POST","/api/v1/ALL","src\routes\notification\index.js","True","wrapAutoRBAC"
"USE","/api/v1/api-docs","src\app.js, src\routes\infrastructure\index.js","False","express"
"USE","/api/v1/appointments","src\app.js","False","express"
"GET","/api/v1/app-version","src\routes\health\publicRoutes.js","False","express"
"GET","/api/v1/attendance","src\routes\staff\index.js","False","express"
"USE","/api/v1/attendance","src\routes\staff\index.js","False","express"
"USE","/api/v1/auth","src\app.js, src\app.js","False","express"
"ALL","/api/v1/auth/*","src\routes\otpDevRoutes.js","False","express"
"GET","/api/v1/auth/adminManagement","src\routes\auth\adminAuthRoutes.js","True","wrapAutoRBAC"
"POST","/api/v1/auth/adminManagement","src\routes\auth\adminAuthRoutes.js","True","wrapAutoRBAC"
"PUT","/api/v1/auth/adminManagement","src\routes\auth\adminAuthRoutes.js","True","wrapAutoRBAC"
"GET","/api/v1/auth/ALL","src\routes\auth\adminOtpRoutes.js, src\routes\investigation\adminRoutes.js, src\routes\notification\index.js","True","wrapAutoRBAC"
"DELETE","/api/v1/auth/clear-all-test-data","src\routes\otpDevRoutes.js","False","express"
"POST","/api/v1/auth/clear-phone-otps","src\routes\otpDevRoutes.js","False","express"
"POST","/api/v1/auth/generate-test-otp","src\routes\otpDevRoutes.js","False","express"
"POST","/api/v1/auth/get-phone-otps","src\routes\otpDevRoutes.js","False","express"
"GET","/api/v1/auth/health","src\routes\otpDevRoutes.js","False","express"
"GET","/api/v1/auth/phone","src\routes\otpDevRoutes.js","False","express"
"GET","/api/v1/auth/stats","src\routes\otpDevRoutes.js, src\routes\user\lookupRoutes.js","False","express"
"POST","/api/v1/auth/verify-test-otp","src\routes\otpDevRoutes.js","False","express"
"POST","/api/v1/book","src\routes\appointment\appointmentCrudRoutes.js","False","express"
"POST","/api/v1/bulk-search","src\routes\user\lookupRoutes.js","False","express"
"GET","/api/v1/categories/list","src\routes\pharmacy\inventoryRoutes.js","False","express"
"USE","/api/v1/category","src\routes\pharmacy\index.js","False","express"
"GET","/api/v1/comparison","src\routes\department\departmentStatsRoutes.js","False","express"
"GET","/api/v1/consultations/:phoneNumber","src\routes\record\patientRoutes.js","False","express"
"USE","/api/v1/debug","src\routes\infrastructure\index.js","False","express"
"GET","/api/v1/debug/debugRoutes","src\routes\debugRoutes.js","True","wrapAutoRBAC"
"USE","/api/v1/departments","src\app.js","False","express"
"DELETE","/api/v1/departments/:departmentId","src\routes\department\departmentRoutes.js","False","express"
"PUT","/api/v1/departments/:id/deactivate","src\routes\department\adminDepartmentRoutes.js, src\routes\department\departmentRoutes.js","False","express"
"GET","/api/v1/departments/:id/export/report","src\routes\department\adminDepartmentRoutes.js","False","express"
"GET","/api/v1/departments/:id/financial","src\routes\department\adminDepartmentRoutes.js","False","express"
"GET","/api/v1/departments/:id/history","src\routes\department\adminDepartmentRoutes.js","False","express"
"GET","/api/v1/departments/:id/staff-allocation","src\routes\department\adminDepartmentRoutes.js","False","express"
"GET","/api/v1/departments/:identifier","src\routes\department\departmentRoutes.js, src\routes\user\userRoutes.js","False","express"
"GET","/api/v1/departments/activities/recent","src\routes\department\adminDepartmentRoutes.js","False","express"
"GET","/api/v1/departments/available/now","src\routes\department\departmentRoutes.js, src\routes\doctor\doctorRoutes.js","False","express"
"POST","/api/v1/departments/bulk-operations","src\routes\department\adminDepartmentRoutes.js, src\routes\doctor\adminDoctorRoutes.js, src\routes\notification\adminNotificationRoutes.js","False","express"
"POST","/api/v1/departments/create","src\routes\department\adminDepartmentRoutes.js, src\routes\department\departmentRoutes.js, src\routes\doctor\adminDoctorRoutes.js, src\routes\notification\notificationRoutes.js, src\routes\record\doctorRoutes.js","False","express"
"GET","/api/v1/departments/departments-with-doctors","src\routes\department\departmentRoutes.js","False","express"
"GET","/api/v1/departments/export/csv","src\routes\department\adminDepartmentRoutes.js","False","express"
"GET","/api/v1/departments/manage","src\routes\department\adminDepartmentRoutes.js, src\routes\doctor\adminDoctorRoutes.js, src\routes\notification\adminNotificationRoutes.js","False","express"
"GET","/api/v1/departments/overview","src\routes\department\adminDepartmentRoutes.js, src\routes\doctor\adminDoctorRoutes.js, src\routes\notification\adminNotificationRoutes.js","False","express"
"USE","/api/v1/devices","src\app.js","False","express"
"GET","/api/v1/doctor/:doctor_id","src\routes\appointment\appointmentListRoutes.js, src\routes\record\medicalStaffRoutes.js","False","express"
"USE","/api/v1/doctors","src\app.js","False","express"
"DELETE","/api/v1/doctors/:doctorId","src\routes\doctor\adminDoctorRoutes.js, src\routes\doctor\doctorRoutes.js","False","express"
"GET","/api/v1/doctors/:doctorId","src\routes\doctor\doctorRoutes.js","False","express"
"DELETE","/api/v1/doctors/:id/account","src\routes\doctor\adminDoctorRoutes.js","False","express"
"PUT","/api/v1/doctors/:id/availability","src\routes\doctor\adminDoctorRoutes.js, src\routes\doctor\doctorRoutes.js","False","express"
"DELETE","/api/v1/doctors/:id/deactivate","src\routes\doctor\doctorRoutes.js","False","express"
"PUT","/api/v1/doctors/:id/profile","src\routes\doctor\adminDoctorRoutes.js, src\routes\doctor\doctorRoutes.js","False","express"
"GET","/api/v1/doctors/department/:department","src\routes\doctor\doctorRoutes.js, src\routes\user\userRoutes.js","False","express"
"POST","/api/v1/doctors/profile","src\routes\doctor\doctorRoutes.js, src\routes\user\userRoutes.js","False","express"
"GET","/api/v1/doctors/profile/:id","src\routes\doctor\doctorRoutes.js","False","express"
"GET","/api/v1/doctors/workload-analysis","src\routes\doctor\adminDoctorRoutes.js","False","express"
"USE","/api/v1/feedback","src\app.js","False","express"
"USE","/api/v1/firebase","src\routes\auth\index.js","False","express"
"USE","/api/v1/health","src\app.js","False","express"
"GET","/api/v1/health-check","src\routes\health\publicRoutes.js","False","express"
"POST","/api/v1/health-records","src\routes\record\patientRoutes.js","False","express"
"GET","/api/v1/health-records/:phone","src\routes\record\patientRoutes.js","False","express"
"USE","/api/v1/hr","src\routes\staff\index.js","False","express"
"USE","/api/v1/inventory","src\routes\pharmacy\index.js","False","express"
"USE","/api/v1/investigations","src\app.js","False","express"
"DELETE","/api/v1/investigations/investigationRoutes","src\routes\investigation\investigationRoutes.js","True","wrapAutoRBAC"
"GET","/api/v1/investigations/investigationRoutes","src\routes\investigation\investigationRoutes.js","True","wrapAutoRBAC"
"POST","/api/v1/investigations/investigationRoutes","src\routes\investigation\investigationRoutes.js","True","wrapAutoRBAC"
"PUT","/api/v1/investigations/investigationRoutes","src\routes\investigation\investigationRoutes.js","True","wrapAutoRBAC"
"GET","/api/v1/list","src\routes\appointment\appointmentListRoutes.js, src\routes\department\departmentRoutes.js, src\routes\doctor\doctorRoutes.js, src\routes\notification\notificationRoutes.js","False","express"
"USE","/api/v1/medical","src\routes\staff\index.js","False","express"
"USE","/api/v1/medications","src\routes\pharmacy\index.js","False","express"
"GET","/api/v1/notificationRoutes","src\routes\notification\index.js","True","wrapAutoRBAC"
"PATCH","/api/v1/notificationRoutes","src\routes\notification\index.js","True","wrapAutoRBAC"
"USE","/api/v1/notifications","src\app.js","False","express"
"PATCH","/api/v1/notifications/:id/read","src\routes\notification\notificationRoutes.js","False","express"
"GET","/api/v1/notifications/:phone","src\routes\notification\notificationRoutes.js","False","express"
"PATCH","/api/v1/notifications/:phone/mark-all-read","src\routes\notification\notificationRoutes.js","False","express"
"POST","/api/v1/notifications/announcement","src\routes\notification\adminNotificationRoutes.js","False","express"
"POST","/api/v1/notifications/bulk","src\routes\notification\notificationRoutes.js","False","express"
"DELETE","/api/v1/notifications/cleanup","src\routes\notification\adminNotificationRoutes.js","False","express"
"GET","/api/v1/notifications/delivery-stats","src\routes\notification\adminNotificationRoutes.js","False","express"
"GET","/api/v1/notifications/detail/:id","src\routes\notification\notificationRoutes.js","False","express"
"GET","/api/v1/notifications/emergency/active","src\routes\notification\notificationRoutes.js","False","express"
"GET","/api/v1/notifications/scheduled/pending","src\routes\notification\notificationRoutes.js","False","express"
"POST","/api/v1/notifications/send-from-template","src\routes\notification\adminNotificationRoutes.js","False","express"
"GET","/api/v1/notifications/stats/summary","src\routes\notification\notificationRoutes.js","False","express"
"POST","/api/v1/notifications/targeted","src\routes\notification\adminNotificationRoutes.js","False","express"
"GET","/api/v1/notifications/templates","src\routes\notification\adminNotificationRoutes.js","False","express"
"POST","/api/v1/notifications/templates","src\routes\notification\adminNotificationRoutes.js","False","express"
"GET","/api/v1/notifications/user/:user_id","src\routes\notification\notificationRoutes.js","False","express"
"PATCH","/api/v1/notifications/user/:user_id/read-all","src\routes\notification\notificationRoutes.js","False","express"
"USE","/api/v1/orders","src\routes\pharmacy\index.js","False","express"
"USE","/api/v1/otp","src\app.js","False","express"
"GET","/api/v1/patient/:patient_id","src\routes\appointment\appointmentListRoutes.js, src\routes\record\medicalStaffRoutes.js","False","express"
"GET","/api/v1/patient/:patient_id/allergies","src\routes\health\protectedRoutes.js","False","express"
"GET","/api/v1/patient/:patient_id/conditions","src\routes\health\protectedRoutes.js","False","express"
"GET","/api/v1/patient/:patient_id/summary","src\routes\health\protectedRoutes.js, src\routes\record\medicalStaffRoutes.js","False","express"
"GET","/api/v1/patient/:patient_id/trends","src\routes\health\protectedRoutes.js","False","express"
"USE","/api/v1/pharmacy","src\routes\staff\index.js","False","express"
"POST","/api/v1/pharmacy/staffPharmacyRoutes","src\routes\staff\pharmacyRoutes.js","True","wrapAutoRBAC"
"DELETE","/api/v1/pharmacyAdminMedicationRoutes","src\routes\pharmacy\medicationRoutes.js","True","wrapAutoRBAC"
"POST","/api/v1/pharmacyAdminMedicationRoutes","src\routes\pharmacy\medicationRoutes.js","True","wrapAutoRBAC"
"PUT","/api/v1/pharmacyAdminMedicationRoutes","src\routes\pharmacy\medicationRoutes.js","True","wrapAutoRBAC"
"GET","/api/v1/pharmacyOrderRoutes","src\routes\pharmacy\orderRoutes.js","True","wrapAutoRBAC"
"POST","/api/v1/pharmacyOrderRoutes","src\routes\pharmacy\orderRoutes.js","True","wrapAutoRBAC"
"USE","/api/v1/pharmacy-orders","src\app.js","False","express"
"GET","/api/v1/pharmacyStaffInventoryRoutes","src\routes\pharmacy\inventoryRoutes.js","True","wrapAutoRBAC"
"GET","/api/v1/pharmacyStaffMedicationRoutes","src\routes\pharmacy\medicationRoutes.js","True","wrapAutoRBAC"
"PUT","/api/v1/pharmacyStaffMedicationRoutes","src\routes\pharmacy\medicationRoutes.js","True","wrapAutoRBAC"
"PUT","/api/v1/pharmacyStaffOrderRoutes","src\routes\pharmacy\orderRoutes.js","True","wrapAutoRBAC"
"GET","/api/v1/phone/:phone","src\routes\appointment\appointmentLegacyRoutes.js","False","express"
"USE","/api/v1/rbac","src\routes\infrastructure\index.js","False","express"
"GET","/api/v1/rbac/admin/audit-log","src\routes\infrastructure\rbacRoutes.js","True","wrapRoutes"
"POST","/api/v1/rbac/admin/toggle-user-status","src\routes\infrastructure\rbacRoutes.js","True","wrapRoutes"
"GET","/api/v1/rbac/rbacRoutes","src\routes\infrastructure\rbacRoutes.js, src\routes\rbacRoutes.js","True","wrapAutoRBAC"
"POST","/api/v1/rbac/rbacRoutes","src\routes\infrastructure\rbacRoutes.js","True","wrapAutoRBAC"
"GET","/api/v1/records","src\routes\health\protectedRoutes.js, src\routes\record\medicalStaffRoutes.js","False","express"
"POST","/api/v1/records","src\routes\health\protectedRoutes.js","False","express"
"USE","/api/v1/records","src\app.js","False","express"
"GET","/api/v1/records/:id","src\routes\health\protectedRoutes.js, src\routes\record\medicalStaffRoutes.js","False","express"
"PUT","/api/v1/records/:id","src\routes\health\protectedRoutes.js","False","express"
"GET","/api/v1/roll-call","src\routes\staff\index.js","False","express"
"USE","/api/v1/search","src\routes\pharmacy\index.js","False","express"
"USE","/api/v1/sos","src\app.js","False","express"
"GET","/api/v1/sos/adminSosRoutes","src\routes\sosRoutes.js","True","wrapAutoRBAC"
"POST","/api/v1/sos/adminSosRoutes","src\routes\sosRoutes.js","True","wrapAutoRBAC"
"GET","/api/v1/sos/emergencyResponderRoutes","src\routes\sosRoutes.js","True","wrapAutoRBAC"
"POST","/api/v1/sos/emergencyResponderRoutes","src\routes\sosRoutes.js","True","wrapAutoRBAC"
"GET","/api/v1/sos/sosRoutes","src\routes\sosRoutes.js","True","wrapAutoRBAC"
"POST","/api/v1/sos/sosRoutes","src\routes\sosRoutes.js","True","wrapAutoRBAC"
"USE","/api/v1/staff","src\app.js","False","express"
"GET","/api/v1/staff/search","src\routes\record\medicalStaffRoutes.js, src\routes\user\userRoutes.js","False","express"
"GET","/api/v1/staff/staffRoutes","src\routes\staff\staffRoutes.js","True","wrapAutoRBAC"
"POST","/api/v1/staff/staffRoutes","src\routes\staff\staffRoutes.js","True","wrapAutoRBAC"
"PUT","/api/v1/staff/staffRoutes","src\routes\staff\staffRoutes.js","True","wrapAutoRBAC"
"GET","/api/v1/staffAttendanceRoutes","src\routes\staff\attendanceRoutes.js","True","wrapAutoRBAC"
"POST","/api/v1/staffAttendanceRoutes","src\routes\staff\attendanceRoutes.js","True","wrapAutoRBAC"
"GET","/api/v1/staffHRRoutes","src\routes\staff\hrRoutes.js","True","wrapAutoRBAC"
"POST","/api/v1/staffHRRoutes","src\routes\staff\hrRoutes.js","True","wrapAutoRBAC"
"PUT","/api/v1/staffHRRoutes","src\routes\staff\hrRoutes.js","True","wrapAutoRBAC"
"POST","/api/v1/staffMedicalRoutes","src\routes\staff\medicalRoutes.js","True","wrapAutoRBAC"
"USE","/api/v1/stats","src\routes\department\index.js, src\routes\doctor\index.js, src\routes\investigation\index.js","False","express"
"GET","/api/v1/stats/overview","src\routes\health\protectedRoutes.js","False","express"
"GET","/api/v1/system/status","src\routes\health\publicRoutes.js","False","express"
"GET","/api/v1/test","src\routes\appointment\appointmentListRoutes.js, src\routes\department\adminDepartmentRoutes.js, src\routes\department\departmentRoutes.js, src\routes\doctor\adminDoctorRoutes.js, src\routes\doctor\doctorRoutes.js, src\routes\health\protectedRoutes.js, src\routes\notification\adminNotificationRoutes.js, src\routes\notification\notificationRoutes.js, src\routes\userRoutes.test.js","False","express"
"GET","/api/v1/today/list","src\routes\appointment\appointmentListRoutes.js","False","express"
"GET","/api/v1/uid/:uid","src\routes\appointment\appointmentLegacyRoutes.js, src\routes\record\patientRoutes.js","False","express"
"USE","/api/v1/upload","src\app.js","False","express"
"DELETE","/api/v1/upload/uploadRoutes","src\routes\uploadRoutes.js","True","wrapAutoRBAC"
"GET","/api/v1/upload/uploadRoutes","src\routes\uploadRoutes.js","True","wrapAutoRBAC"
"POST","/api/v1/upload/uploadRoutes","src\routes\uploadRoutes.js","True","wrapAutoRBAC"
"USE","/api/v1/users","src\app.js, src\app.js","False","express"
"DELETE","/api/v1/users/:identifier","src\routes\user\userRoutes.js","False","express"
"PUT","/api/v1/users/:identifier","src\routes\user\userRoutes.js","False","express"
"PUT","/api/v1/users/:identifier/status","src\routes\user\userRoutes.js","False","express"
"GET","/api/v1/users/activity-audit","src\routes\user\adminUserRoutes.js","False","express"
"GET","/api/v1/users/analytics","src\routes\user\adminUserRoutes.js","False","express"
"POST","/api/v1/users/bulk-import","src\routes\user\userRoutes.js","False","express"
"GET","/api/v1/users/dashboard","src\routes\user\adminUserRoutes.js","False","express"
"POST","/api/v1/users/generate-report","src\routes\user\adminUserRoutes.js","False","express"
"GET","/api/v1/users/inactive-users","src\routes\user\adminUserRoutes.js","False","express"
"POST","/api/v1/users/reactivate/:userId","src\routes\user\adminUserRoutes.js","False","express"
"GET","/api/v1/users/role/:role","src\routes\user\userRoutes.js","False","express"
"GET","/api/v1/users/system-info","src\routes\user\adminUserRoutes.js, src\routes\user\index.js","False","express"
"DELETE","/api/v1/users/userRoutes","src\routes\userRoutes.js","True","wrapAutoRBAC"
"GET","/api/v1/users/userRoutes","src\routes\userRoutes.js","True","wrapAutoRBAC"
"POST","/api/v1/users/userRoutes","src\routes\userRoutes.js","True","wrapAutoRBAC"
"PUT","/api/v1/users/userRoutes","src\routes\userRoutes.js","True","wrapAutoRBAC"
"GET","/api/v1/verify","src\routes\user\lookupRoutes.js","False","express"
"USE","/api/v1/version","src\routes\infrastructure\index.js","False","express"
"GET","/api-docs/adminDocumentationRoutes","src\routes\infrastructure\swaggerRoutes.js","True","wrapAutoRBAC"
"POST","/api-docs/adminDocumentationRoutes","src\routes\infrastructure\swaggerRoutes.js","True","wrapAutoRBAC"
