Method,Path,Protected,RBAC,Pattern
GET,"/api/v1/auth/",false,false,express
POST,"/",false,false,express
USE,"/",false,false,express
DELETE,"/:departmentId",false,false,express
DELETE,"/:doctorId",false,false,express
GET,"/:doctorId",false,false,express
DELETE,"/:id",false,false,express
GET,"/:id",false,false,express
PUT,"/:id",false,false,express
DELETE,"/:id/account",false,false,express
GET,"/:id/analytics",false,false,express
PUT,"/:id/availability",false,false,express
DELETE,"/:id/deactivate",false,false,express
PUT,"/:id/deactivate",false,false,express
GET,"/:id/export/report",false,false,express
GET,"/:id/financial",false,false,express
GET,"/:id/history",false,false,express
GET,"/:id/performance",false,false,express
PUT,"/:id/profile",false,false,express
PATCH,"/:id/read",false,false,express
GET,"/:id/staff-allocation",false,false,express
GET,"/:id/stats",false,false,express
PUT,"/:id/status",false,false,express
GET,"/:id/trends",false,false,express
DELETE,"/:identifier",false,false,express
GET,"/:identifier",false,false,express
PUT,"/:identifier",false,false,express
PUT,"/:identifier/status",false,false,express
GET,"/:phone",false,false,express
PATCH,"/:phone/mark-all-read",false,false,express
ALL,"/*",false,false,express
GET,"/activities/recent",false,false,express
GET,"/activity",false,false,express
GET,"/activity-audit",false,false,express
USE,"/admin",false,false,express
GET,"/admin/analytics",false,false,express
GET,"/admin/audit-log",true,false,wrapRoutes
GET,"/admin/hipaa-audit",false,false,express
USE,"/admin/otp",false,false,express
POST,"/admin/toggle-user-status",true,false,wrapRoutes
GET,"/adminDocumentationRoutes",true,true,wrapAutoRBAC
POST,"/adminDocumentationRoutes",true,true,wrapAutoRBAC
GET,"/adminManagement",true,true,wrapAutoRBAC
POST,"/adminManagement",true,true,wrapAutoRBAC
PUT,"/adminManagement",true,true,wrapAutoRBAC
DELETE,"/adminNotificationRoutes",true,true,wrapAutoRBAC
GET,"/adminNotificationRoutes",true,true,wrapAutoRBAC
POST,"/adminNotificationRoutes",true,true,wrapAutoRBAC
GET,"/adminSosRoutes",true,true,wrapAutoRBAC
POST,"/adminSosRoutes",true,true,wrapAutoRBAC
GET,"/advanced",false,false,express
DELETE,"/ALL",true,true,wrapAutoRBAC
GET,"/ALL",true,true,wrapAutoRBAC
POST,"/ALL",true,true,wrapAutoRBAC
GET,"/analytics",false,false,express
POST,"/announcement",false,false,express
USE,"/api/v1/auth/api-docs",false,false,express
USE,"/api/users",false,false,express
USE,"/api/v1",false,false,express
USE,"/api/v1/admin/analytics",false,false,express
USE,"/api/v1/appointments",false,false,express
USE,"/api/v1/auth",false,false,express
USE,"/api/v1/departments",false,false,express
USE,"/api/v1/devices",false,false,express
USE,"/api/v1/doctors",false,false,express
USE,"/api/v1/feedback",false,false,express
USE,"/api/v1/health",false,false,express
USE,"/api/v1/investigations",false,false,express
USE,"/api/v1/notifications",false,false,express
USE,"/api/v1/otp",false,false,express
USE,"/api/v1/pharmacy-orders",false,false,express
USE,"/api/v1/records",false,false,express
USE,"/api/v1/sos",false,false,express
USE,"/api/v1/staff",false,false,express
USE,"/api/v1/upload",false,false,express
USE,"/api/v1/users",false,false,express
GET,"/app-version",false,false,express
GET,"/attendance",false,false,express
USE,"/attendance",false,false,express
GET,"/available/now",false,false,express
POST,"/book",false,false,express
POST,"/bulk",false,false,express
POST,"/bulk-import",false,false,express
POST,"/bulk-operations",false,false,express
POST,"/bulk-search",false,false,express
GET,"/categories/list",false,false,express
USE,"/category",false,false,express
DELETE,"/cleanup",false,false,express
DELETE,"/clear-all-test-data",false,false,express
POST,"/clear-phone-otps",false,false,express
GET,"/comparison",false,false,express
GET,"/consultations/:phoneNumber",false,false,express
POST,"/create",false,false,express
GET,"/dashboard",false,false,express
USE,"/debug",false,false,express
GET,"/debugRoutes",true,true,wrapAutoRBAC
GET,"/delivery-stats",false,false,express
GET,"/department/:department",false,false,express
GET,"/departments-with-doctors",false,false,express
GET,"/detail/:id",false,false,express
GET,"/doctor/:doctor_id",false,false,express
GET,"/emergency/active",false,false,express
GET,"/emergencyResponderRoutes",true,true,wrapAutoRBAC
POST,"/emergencyResponderRoutes",true,true,wrapAutoRBAC
GET,"/export/csv",false,false,express
GET,"/export/excel",false,false,express
GET,"/export/pdf",false,false,express
USE,"/firebase",false,false,express
POST,"/generate-report",false,false,express
POST,"/generate-test-otp",false,false,express
POST,"/get-phone-otps",false,false,express
GET,"/health",false,false,express
GET,"/health-check",false,false,express
POST,"/health-records",false,false,express
GET,"/health-records/:phone",false,false,express
USE,"/hr",false,false,express
GET,"/inactive-users",false,false,express
USE,"/inventory",false,false,express
DELETE,"/investigationRoutes",true,true,wrapAutoRBAC
GET,"/investigationRoutes",true,true,wrapAutoRBAC
POST,"/investigationRoutes",true,true,wrapAutoRBAC
PUT,"/investigationRoutes",true,true,wrapAutoRBAC
GET,"/list",false,false,express
GET,"/manage",false,false,express
USE,"/medical",false,false,express
USE,"/medications",false,false,express
GET,"/notificationRoutes",true,true,wrapAutoRBAC
PATCH,"/notificationRoutes",true,true,wrapAutoRBAC
USE,"/orders",false,false,express
USE,"/otp",false,false,express
GET,"/overview",false,false,express
GET,"/patient/:patient_id",false,false,express
GET,"/patient/:patient_id/allergies",false,false,express
GET,"/patient/:patient_id/conditions",false,false,express
GET,"/patient/:patient_id/summary",false,false,express
GET,"/patient/:patient_id/trends",false,false,express
USE,"/pharmacy",false,false,express
DELETE,"/pharmacyAdminMedicationRoutes",true,true,wrapAutoRBAC
POST,"/pharmacyAdminMedicationRoutes",true,true,wrapAutoRBAC
PUT,"/pharmacyAdminMedicationRoutes",true,true,wrapAutoRBAC
GET,"/pharmacyAdminRoutes",true,true,wrapAutoRBAC
GET,"/pharmacyOrderRoutes",true,true,wrapAutoRBAC
POST,"/pharmacyOrderRoutes",true,true,wrapAutoRBAC
GET,"/pharmacyStaffInventoryRoutes",true,true,wrapAutoRBAC
GET,"/pharmacyStaffMedicationRoutes",true,true,wrapAutoRBAC
PUT,"/pharmacyStaffMedicationRoutes",true,true,wrapAutoRBAC
PUT,"/pharmacyStaffOrderRoutes",true,true,wrapAutoRBAC
GET,"/phone",false,false,express
GET,"/phone/:phone",false,false,express
POST,"/profile",false,false,express
GET,"/profile/:id",false,false,express
USE,"/rbac",false,false,express
GET,"/rbacRoutes",true,true,wrapAutoRBAC
POST,"/rbacRoutes",true,true,wrapAutoRBAC
POST,"/reactivate/:userId",false,false,express
GET,"/records",false,false,express
POST,"/records",false,false,express
GET,"/records/:id",false,false,express
PUT,"/records/:id",false,false,express
GET,"/role/:role",false,false,express
GET,"/roll-call",false,false,express
GET,"/scheduled/pending",false,false,express
GET,"/search",false,false,express
USE,"/search",false,false,express
POST,"/send-from-template",false,false,express
GET,"/sosRoutes",true,true,wrapAutoRBAC
POST,"/sosRoutes",true,true,wrapAutoRBAC
USE,"/staff",false,false,express
GET,"/staffAttendanceRoutes",true,true,wrapAutoRBAC
POST,"/staffAttendanceRoutes",true,true,wrapAutoRBAC
GET,"/staffHRRoutes",true,true,wrapAutoRBAC
POST,"/staffHRRoutes",true,true,wrapAutoRBAC
PUT,"/staffHRRoutes",true,true,wrapAutoRBAC
POST,"/staffMedicalRoutes",true,true,wrapAutoRBAC
POST,"/staffPharmacyRoutes",true,true,wrapAutoRBAC
GET,"/staffRoutes",true,true,wrapAutoRBAC
POST,"/staffRoutes",true,true,wrapAutoRBAC
PUT,"/staffRoutes",true,true,wrapAutoRBAC
GET,"/stats",false,false,express
USE,"/stats",false,false,express
GET,"/stats/overview",false,false,express
GET,"/stats/summary",false,false,express
GET,"/system-info",false,false,express
GET,"/system/status",false,false,express
POST,"/targeted",false,false,express
GET,"/templates",false,false,express
POST,"/templates",false,false,express
GET,"/test",false,false,express
GET,"/today/list",false,false,express
GET,"/uid/:uid",false,false,express
DELETE,"/uploadRoutes",true,true,wrapAutoRBAC
GET,"/uploadRoutes",true,true,wrapAutoRBAC
POST,"/uploadRoutes",true,true,wrapAutoRBAC
GET,"/user/:user_id",false,false,express
PATCH,"/user/:user_id/read-all",false,false,express
DELETE,"/userRoutes",true,true,wrapAutoRBAC
GET,"/userRoutes",true,true,wrapAutoRBAC
POST,"/userRoutes",true,true,wrapAutoRBAC
PUT,"/userRoutes",true,true,wrapAutoRBAC
GET,"/verify",false,false,express
POST,"/verify-test-otp",false,false,express
USE,"/version",false,false,express
GET,"/workload-analysis",false,false,express